1,4900 ¬€úç
2,3200 ¬€úç
3,4500 ¬€úç
4,3900 ¬€úç
5,6000 ¬€úç
6,4100 ¬€úç
7,5000 ¬€úç
8,6000 ¬€úç
9,4900 ¬€úç
10,3200 ¬€úç
11,4500 ¬€úç
12,3900 ¬€úç
13,6000 ¬€úç
14,4100 ¬€úç
15,5000 ¬€úç
16,6000 ¬€úç
17,6000 ¬€úç
18,4900 ¬€úç
19,3200 ¬€úç
20,4500 ¬€úç
21,3900 ¬€úç
22,6000 ¬€úç
23,4100 ¬€úç
24,5000 ¬€úç
25,6000 ¬€úç
26,4900 ¬€úç
27,3200 ¬€úç
28,4500 ¬€úç
29,3900 ¬€úç
30,6000 ¬€úç
31,4100 ¬€úç
32,5000 ¬€úç
33,6000 ¬€úç
34,6000 ¬€úç
35,6000 ¬€úç
36,6000 ¬€úç
37,4900 ¬€úç
38,3200 ¬€úç
39,4500 ¬€úç
40,3900 ¬€úç
41,6000 ¬€úç
42,4100 ¬€úç
43,5000 ¬€úç
44,6000 ¬€úç
45,4900 ¬€úç
46,3200 ¬€úç
47,4500 ¬€úç
48,3900 ¬€úç
49,6000 ¬€úç
50,4100 ¬€úç
51,5000 ¬€úç
52,6000 ¬€úç
53,6000 ¬€úç
54,4900 ¬€úç
55,3200 ¬€úç
56,4500 ¬€úç
57,3900 ¬€úç
58,6000 ¬€úç
59,4100 ¬€úç
60,5000 ¬€úç
61,6000 ¬€úç
62,4900 ¬€úç
63,3200 ¬€úç
64,4500 ¬€úç
65,3900 ¬€úç
66,6000 ¬€úç
67,4100 ¬€úç
68,5000 ¬€úç
69,6000 ¬€úç
70,6000 ¬€úç
71,6000 ¬€úç
72,6000 ¬€úç
73,6000 ¬€úç
